1,统一规格
2,75x40
3,200x50
4,150x50
5,400x100x10
6,450x300x10
7,200x75
8,50x30
9,200x15
10,600x300x10
11,500x200x10
12,150x75x10
13,130x130x10
14,150x20
15,300x50
16,200x100x10
17,88x88x67
18,290x275x10
19,305x305x10
20,42x42x50
21,151x50
22,200x150x10
23,330x250x10
24,300x60
25,100x100x10
26,483x483x25
27,170x125x80
28,152x50
29,250x50
30,200x20
31,300x40
32,70x30
33,250x150x10
34,200x70
35,127x127x10
36,75x20
37,80x75
38,305x10x15
39,610x300x10
40,600x150x10
41,305x15x20
42,300x300x10
43,305x120x20
44,305x50x22
45,120x40x40
46,406x203x10
47,254x254x20
48,600x600x10
49,200x75x10
50,300x75x10
51,300x10
52,305x100x20
53,210x210x60
54,305x30x25
55,400x50x10
56,305x30x30
57,150x20x10
58,305x50x10
59,250x250x10
60,200x50x10
61,305x45x30
62,51x51x45
63,305x100x10
64,87x76x18
65,75x45x45
66,150x120x30
67,150x120x10
68,610x305x10
69,315x287x10
70,550x150x25
71,295x295x10
72,305x75x25
73,340x320x10
74,305x50x20
75,310x305x10
76,150x120x25
77,457x457x10
78,305x292x10
79,508x203x10
80,550x150x30
81,610x203x10
82,550x150x10
83,259x259x10
84,50x25x10
85,264x229x10
86,51x45x51
87,360x305x10
88,457x305x10
89,175x125x80
90,305x35x20
91,170x125x90
92,285x217x10
93,305x295x10
94,915x915x10
95,600x100x10
96,310x290x10
97,290x96x8
98,406x100x10
99,152x80x90
100,150x73x10
101,610x152x10
102,406x406x10
103,610x406x10
104,305x62x10
105,245x240x8
